recall_id,keypoints,attempt,summary_text,segment_ids,keypoints_id,coverage
summary_gpt4o_3_1,3,1,1. I didn't really like Mrs. Baker's grandson because he had poor manners. 2. I helped Mrs. Baker when her grandson left a note saying he was going to run away. 3. Officer Dawson advised me to stay out of sight after the incident.,"[10, 12, 28]",summary_gpt4o_3_1,3
summary_gpt4o_3_3,3,3,"1. I grew up near Mrs. Baker who had many cats and a grandson who tried to befriend me. 2. Mrs. Baker's grandson left a note about running away due to her nagging about me. 3. We found him in the treehouse later, and I stayed out of sight as advised by Officer Dawson.","[1, 4, 6, 12, 25, 26, 28, 29, 30, 31]",summary_gpt4o_3_3,10
summary_gpt4o_3_2,3,2,1. I didn't take to Mrs. Baker's grandson because he had poor manners. 2. I helped Mrs. Baker when her grandson left a note saying he was running away. 3. Officer Dawson advised me to stay out of sight because Mrs. Baker never forgets.,"[10, 11, 12, 28]",summary_gpt4o_3_2,4
summary_gpt4o_4_3,4,3,"1. I grew up near Mrs. Baker, who had many cats. 2. Her grandson with poor manners tried to befriend me. 3. He left a note about running away, and I helped Mrs. Baker look for him. 4. Officer Dawson advised me to stay out of sight because of Mrs. Baker.","[1, 2, 10, 12, 28]",summary_gpt4o_4_3,5
summary_gpt4o_4_2,4,2,1. I didn't get along with Mrs. Baker's grandson because of his poor manners. 2. He left a note saying he would run away because of Mrs. Baker's nagging. 3. I helped Mrs. Baker search for her grandson at the old mill. 4. Officer Dawson advised me to lay low after the incident.,"[10, 12, 28]",summary_gpt4o_4_2,3
summary_gpt4o_4_1,4,1,"1. I grew up near Mrs. Baker, the cat lady. 2. I didn't like her grandson due to his poor manners. 3. I helped Mrs. Baker find her runaway grandson. 4. Officer Dawson told me to stay out of sight afterward.","[1, 10, 28]",summary_gpt4o_4_1,3
summary_gpt4o_5_1,5,1,1. I grew up near Mrs. Baker who adopted many cats. 2. Her grandson tried to befriend me despite his poor manners. 3. He left a note saying he would run away due to nagging. 4. Mrs. Baker and I looked for him and found him in the treehouse. 5. Officer Dawson advised me to lay low to avoid Mrs. Baker's memory.,"[1, 2, 6, 9, 10, 12, 25, 26, 28, 30, 31]",summary_gpt4o_5_1,11
summary_gpt4o_5_3,5,3,"1. I was a tomboy in my neighborhood. 2. Mrs. Baker's grandson tried to befriend me. 3. He had poor manners, so I didn't like him. 4. I helped Mrs. Baker search for her runaway grandson. 5. Officer Dawson advised me to stay out of sight.","[5, 6, 10, 28]",summary_gpt4o_5_3,4
summary_gpt4o_5_2,5,2,"1. I grew up in a neighborhood with Mrs. Baker, the cat lady. 2. I didn't like her grandson because he had poor manners. 3. He left a note saying he was running away due to her nagging. 4. I helped find him at the treehouse, realizing he hadn't run away. 5. I stayed out of sight after Officer Dawson's warning about Mrs. Baker.","[1, 10, 12, 25, 31]",summary_gpt4o_5_2,5
summary_gpt4o_6_2,6,2,"1. I grew up with Mrs. Baker, the neighborhood cat lady. 2. Her grandson tried to befriend me, but had poor manners. 3. He left a note saying he would run away because of her nagging. 4. I suggested we look for him and call the police if needed. 5. We found him in the treehouse reading a comic book. 6. The sheriff advised me to lay low because she never forgets.","[1, 6, 10, 12, 17, 25, 26, 28, 30, 31]",summary_gpt4o_6_2,10
summary_gpt4o_6_3,6,3,"1. I grew up in a neighborhood with Mrs. Baker, the cat lady. 2. I didn't like her grandson because of his poor manners. 3. He left a note saying he wanted to run away. 4. Mrs. Baker and I searched for him. 5. We found him safe in the treehouse reading a comic book. 6. Officer Dawson warned me to lay low around Mrs. Baker.","[1, 10, 12, 25, 28]",summary_gpt4o_6_3,5
summary_gpt4o_6_1,6,1,"1. I grew up in a neighborhood with a cat lady named Mrs. Baker. 2. Mrs. Baker had a grandson who tried to befriend me. 3. I didn't like him because he had poor manners. 4. He left a note saying he would run away due to nagging about me. 5. We searched for him but found him in my treehouse reading a comic. 6. Officer Dawson advised me to lay low, and I did.","[1, 2, 3, 4, 5, 6]",summary_gpt4o_6_1,6
summary_gpt4o_7_1,7,1,"1. I grew up in a neighborhood with Mrs. Baker, the cat lady. 2. Mrs. Baker had a young grandson who tried to befriend me. 3. I didn't like him because he had poor manners. 4. He left a note saying he would run away due to his grandmother's nagging. 5. I helped Mrs. Baker look for him at the old mill. 6. We found him in my treehouse with a comic book. 7. The sheriff advised me to lay low because Mrs. Baker holds grudges.","[1, 2, 3, 4, 5, 6, 7]",summary_gpt4o_7_1,7
summary_gpt4o_7_2,7,2,"1. I grew up in a neighborhood with Mrs. Baker, the cat lady. 2. I was a tomboy and her grandson tried to befriend me. 3. I didn't like her grandson because of his poor manners. 4. He left a note saying he would run away due to her nagging. 5. Mrs. Baker and I searched for him but found nothing at the old mill. 6. We found him in the treehouse with a comic book in his hand. 7. Officer Dawson told me to lay low because Mrs. Baker held grudges.","[1, 5, 10, 12, 25, 28]",summary_gpt4o_7_2,6
summary_gpt4o_7_3,7,3,"1. I grew up in a neighborhood with Mrs. Baker, the resident cat lady. 2. Mrs. Baker's grandson tried to befriend me, but I didn't like him due to his poor manners. 3. The grandson left a note saying he would run away because Mrs. Baker nagged about me. 4. Mrs. Baker came to my treehouse with a cat, and I suggested we look for him. 5. We searched near the old mill and found his baseball cap. 6. We returned to the treehouse and found him with a comic book. 7. Officer Dawson advised me to lay low because Mrs. Baker never forgets anything.","[1, 4, 6, 10, 12, 13, 14, 20, 25, 26, 28]",summary_gpt4o_7_3,11
summary_gpt4o_8_3,8,3,"1. I grew up in a neighborhood with Mrs. Baker, the cat lady. 2. Mrs. Baker had a young grandson who tried to befriend me. 3. I didn't like him because he had poor manners. 4. He left a note saying he was going to run away due to nagging. 5. I helped Mrs. Baker look for him with a plan in mind. 6. We found his baseball cap near the old mill but no other trace. 7. He was later found in the treehouse with a comic book. 8. Officer Dawson advised me to stay out of sight from Mrs. Baker.","[1, 4, 9, 10, 12, 20, 25, 28]",summary_gpt4o_8_3,8
summary_gpt4o_8_2,8,2,"1. I grew up in a neighborhood with Mrs. Baker, the cat lady. 2. Mrs. Baker had a young grandson trying to befriend me. 3. I didn't like him much because of his poor manners. 4. He left a note saying he would run away due to nagging. 5. Mrs. Baker came to my treehouse with a big old tabby cat. 6. We tried to find him and discovered his baseball cap near the mill. 7. We found him in the treehouse with a comic book. 8. Officer Dawson advised me to stay out of sight because of Mrs. Baker.","[1, 4, 10, 12, 13, 20, 25, 28]",summary_gpt4o_8_2,8
summary_gpt4o_8_1,8,1,"1. I grew up in a neighborhood with Mrs. Baker, the cat lady. 2. Mrs. Baker's grandson tried to befriend me. 3. I didn't like him because he had poor manners. 4. He left a note saying he was going to run away. 5. Mrs. Baker and I looked for him but couldn't find him. 6. I found him in the treehouse with a comic book. 7. Officer Dawson advised me to lay low. 8. I stayed out of sight as advised.","[1, 2, 3, 4, 5, 6, 7, 8]",summary_gpt4o_8_1,8
summary_gpt4o_9_1,9,1,1. I grew up in a neighborhood with Mrs. Baker as the cat lady. 2. I was quite the tomboy back then. 3. Mrs. Baker's grandson was trying to befriend me. 4. I didn't like him because of his poor manners. 5. He left a note saying he was running away. 6. Mrs. Baker came to my treehouse with her cat. 7. We went to find him near the old mill. 8. We found him in the treehouse with a comic book. 9. The local sheriff advised me to lay low.,"[1, 2, 3, 4, 5, 6, 7, 8, 9]",summary_gpt4o_9_1,9
summary_gpt4o_9_3,9,3,"1. I grew up in a neighborhood with Mrs. Baker, the cat lady. 2. Mrs. Baker's grandson tried to befriend me. 3. I didn't like him because he had poor manners. 4. He left a note saying he was going to run away. 5. Mrs. Baker came to my treehouse with a cat. 6. I suggested we search for him and possibly call the police. 7. We searched near the old mill but found nothing. 8. He was in the treehouse with a comic book. 9. Officer Dawson advised me to lay low and stay out of sight.","[1, 4, 8, 12, 13, 17, 25, 28]",summary_gpt4o_9_3,8
summary_gpt4o_9_2,9,2,1. I grew up in a neighborhood with Mrs. Baker as the cat lady. 2. She had a young grandson who tried to befriend me. 3. I didn't like him much because he had poor manners. 4. He left a note saying he was going to run away. 5. Mrs. Baker came to my treehouse with her cat. 6. I suggested we look for him and call the police if needed. 7. We found his baseball cap near the old mill but not him. 8. He was actually in the treehouse reading a comic book. 9. Officer Dawson advised me to lay low and stay out of sight.,"[1, 4, 6, 9, 10, 12, 13, 14, 16, 17, 20, 22, 25, 28]",summary_gpt4o_9_2,14
summary_gpt4o_10_1,10,1,"1. I grew up in a neighborhood with Mrs. Baker, the cat lady. 2. She had adopted over twenty cats. 3. She had a grandson who tried to befriend me. 4. I didn't like him because he had poor manners. 5. He left a note saying he would run away. 6. Mrs. Baker came to my treehouse with a cat. 7. I suggested we search for him before calling the police. 8. We found his cap near the old mill but not him. 9. He was later found in the treehouse reading a comic book. 10. Officer Dawson advised me to lay low because of Mrs. Baker.","[1, 2, 6, 8, 12, 13, 17, 20, 25, 28]",summary_gpt4o_10_1,10
summary_gpt4o_10_2,10,2,1. I grew up in a neighborhood with Mrs. Baker. 2. Mrs. Baker was known as the resident cat lady. 3. Mrs. Baker had a young grandson. 4. I was a tomboy and didn't take to the grandson. 5. The grandson had poor manners. 6. He left a note saying he would run away. 7. Mrs. Baker visited me with a tabby cat. 8. I suggested searching for the grandson. 9. We found his baseball cap near the old mill. 10. The grandson was in my treehouse with a comic book.,"[1, 2, 3, 4, 5, 6, 7, 8, 9, 10]",summary_gpt4o_10_2,10
summary_gpt4o_10_3,10,3,"1. I grew up in a neighborhood with Mrs. Baker, the cat lady. 2. Mrs. Baker's young grandson wanted to befriend me. 3. I didn't like him due to his poor manners. 4. He left a note saying he would run away because of Mrs. Baker's nagging. 5. Mrs. Baker came to my treehouse with a big tabby cat. 6. I convinced her to look for him before calling the police. 7. We went to the old mill but didn't find him, just his baseball cap. 8. We returned to the treehouse club and found him there with a comic book. 9. The situation was resolved that day, but Officer Dawson warned me. 10. I laid low and stayed out of sight after that warning.","[1, 4, 6, 8, 9, 10, 12, 13, 14, 16, 17, 20, 25, 26, 27, 28, 30, 31]",summary_gpt4o_10_3,18
summary_gpt4o_11_2,11,2,1. I grew up in a neighborhood with Mrs. Baker. 2. Mrs. Baker was the resident cat lady. 3. She had adopted at least twenty cats. 4. Mrs. Baker had a young grandson. 5. He was trying to befriend me. 6. I didn't like him due to his poor manners. 7. He left a note saying he would run away. 8. Mrs. Baker came to my treehouse for help. 9. We searched and found no trace of him initially. 10. He was in the treehouse with a comic book. 11. Officer Dawson advised me to stay out of sight.,"[1, 2, 3, 4, 5, 6, 7, 8, 9, 10, 11]",summary_gpt4o_11_2,11
summary_gpt4o_11_3,11,3,1. I grew up in a neighborhood with Mrs. Baker. 2. Mrs. Baker was the resident cat lady. 3. She had a young grandson. 4. I was a tomboy back then. 5. The grandson tried to befriend me. 6. I didn't like him due to his poor manners. 7. He left a note about running away. 8. Mrs. Baker came to my treehouse worried. 9. I suggested we search for him before calling the police. 10. We found his baseball cap near the mill. 11. He was hiding in the treehouse with a comic book.,"[1, 2, 3, 4, 5, 6, 7, 8, 9, 10, 11]",summary_gpt4o_11_3,11
summary_gpt4o_11_1,11,1,1. Mrs. Baker was the neighborhood cat lady. 2. She had a young grandson who tried to befriend me. 3. I didn't like him because of his poor manners. 4. He left a note saying he would run away. 5. Mrs. Baker came to my treehouse with a cat. 6. I convinced her to search for him together. 7. We searched near the old mill but found nothing. 8. We returned to find him in the treehouse with a comic. 9. The issue seemed resolved for the day. 10. Officer Dawson advised me to stay out of sight. 11. I stayed out of sight like he suggested.,"[1, 4, 8, 12, 13, 20, 25, 27, 28, 31]",summary_gpt4o_11_1,10
summary_gpt4o_12_1,12,1,"1. I grew up in a neighborhood with Mrs. Baker. 2. Mrs. Baker had at least twenty cats. 3. Mrs. Baker had a young grandson. 4. I was a tomboy and he tried to befriend me. 5. I didn't like him much because of his poor manners. 6. One day, he left a note saying he'd run away. 7. Mrs. Baker came to my treehouse with a cat. 8. I suggested we look for him and maybe call the police. 9. We searched and found his baseball cap near the old mill. 10. We returned to find him in the treehouse with a comic book. 11. The local sheriff advised me to stay out of sight. 12. I laid low and stayed out of sight after that incident.","[1, 2, 3, 4, 5, 6, 7, 8, 9, 10, 11, 12]",summary_gpt4o_12_1,12
summary_gpt4o_12_3,12,3,"1. I grew up in a neighborhood with Mrs. Baker, the cat lady. 2. She had adopted at least twenty cats. 3. Mrs. Baker had a young grandson who tried to befriend me. 4. I didn't like him much because of his poor manners. 5. He left a note saying he would run away due to her nagging about me. 6. Mrs. Baker came to my treehouse with a cat. 7. I convinced her to find him before calling the police. 8. We went to the old mill and found his baseball cap. 9. He was found in the treehouse with a comic book. 10. He hadn't actually run away. 11. Officer Dawson warned me to lay low because Mrs. Baker never forgets. 12. I laid low and stayed out of sight as advised.","[1, 2, 4, 8, 12, 13, 17, 20, 25, 26, 28, 30]",summary_gpt4o_12_3,12
summary_gpt4o_12_2,12,2,1. I grew up in a neighborhood with a cat lady named Mrs. Baker. 2. Mrs. Baker had adopted at least twenty cats. 3. She had a young grandson who tried to befriend me. 4. I didn't like him because he had poor manners. 5. He left a note saying he would run away. 6. Mrs. Baker came to my treehouse with a cat. 7. I suggested finding him before calling the police. 8. We searched by the old mill but found nothing. 9. We returned to find him in the treehouse reading comics. 10. The situation was resolved for the day. 11. Officer Dawson advised me to stay out of sight. 12. I followed the advice and laid low.,"[1, 2, 4, 8, 12, 13, 16, 20, 25, 27, 28, 30]",summary_gpt4o_12_2,12
summary_gpt4o_13_3,13,3,1. I grew up in a neighborhood with Mrs. Baker. 2. Mrs. Baker was known as the resident cat lady. 3. Mrs. Baker had a young grandson. 4. I was quite the tomboy back then. 5. Her grandson tried to befriend me. 6. I didn't like him due to his poor manners. 7. He left a note saying he would run away. 8. Mrs. Baker came to my treehouse with a cat. 9. I suggested we look for him before calling the police. 10. We searched near the old mill but found nothing. 11. We returned to find him at the treehouse club. 12. The local sheriff advised me to lay low. 13. I laid low and stayed out of sight.,"[1, 2, 3, 4, 5, 6, 7, 8, 9, 10, 11, 12, 13]",summary_gpt4o_13_3,13
summary_gpt4o_13_2,13,2,1. I grew up in a neighborhood with Mrs. Baker. 2. Mrs. Baker was the resident cat lady. 3. Mrs. Baker had a young grandson. 4. I was quite the tomboy back then. 5. Her grandson tried to befriend me. 6. I didn't take to him because he had poor manners. 7. He left a note saying he would run away. 8. Mrs. Baker came to my treehouse with a cat. 9. I talked her down and suggested to search for him. 10. We found his baseball cap near the old mill. 11. He was actually in the treehouse with a comic book. 12. Officer Dawson told me to lay low. 13. I listened and stayed out of sight after that.,"[1, 2, 4, 5, 6, 8, 12, 13, 20, 25, 28, 30, 31]",summary_gpt4o_13_2,13
summary_gpt4o_13_1,13,1,"1. I grew up in a neighborhood with Mrs. Baker, the cat lady. 2. Mrs. Baker adopted at least twenty cats. 3. She had a young grandson. 4. I was quite the tomboy back then. 5. Her grandson tried to befriend me. 6. I didn't take to him because of his poor manners. 7. He left a note saying he would run away. 8. Mrs. Baker and I searched for him. 9. We found his baseball cap near the old mill. 10. We discovered him in the treehouse club. 11. He was sitting on a branch with a comic book. 12. Officer Dawson warned me to lay low. 13. I stayed out of sight after his warning.","[1, 2, 3, 4, 5, 6, 7, 8, 9, 10, 11, 12, 13]",summary_gpt4o_13_1,13
summary_gpt4o_14_1,14,1,1. I grew up in a neighborhood with Mrs. Baker. 2. Mrs. Baker was known as the cat lady. 3. She adopted at least twenty cats. 4. Mrs. Baker had a young grandson. 5. I was quite the tomboy back then. 6. Her grandson tried to befriend me. 7. I didn't like him much due to his poor manners. 8. He left a note planning to run away. 9. The note said she nagged about me. 10. Mrs. Baker came to my treehouse for help. 11. We searched near the old mill. 12. We found his baseball cap but not him. 13. He was in the treehouse reading a comic. 14. Officer Dawson warned me to lay low.,"[1, 2, 3, 4, 5, 6, 7, 8, 9, 10, 11, 12, 13, 14]",summary_gpt4o_14_1,14
summary_gpt4o_14_3,14,3,1. I grew up in a neighborhood with Mrs. Baker. 2. Mrs. Baker was known as the resident cat lady. 3. She had at least twenty cats. 4. Mrs. Baker had a young grandson. 5. I was quite the tomboy back then. 6. Her grandson tried to befriend me. 7. I didn't like him much because of his poor manners. 8. He left a note saying he would run away. 9. Mrs. Baker came to my treehouse with a cat. 10. I suggested we search for him before calling the police. 11. We found his baseball cap near the old mill. 12. We returned to the treehouse and he was there. 13. Officer Dawson advised me to lay low. 14. I laid low and stayed out of sight.,"[1, 2, 3, 4, 5, 6, 8, 12, 13, 17, 20, 25, 28, 30, 31]",summary_gpt4o_14_3,15
summary_gpt4o_14_2,14,2,"1. I grew up in a neighborhood with Mrs. Baker, the cat lady. 2. Mrs. Baker had a young grandson. 3. I was a tomboy back then. 4. The grandson tried to befriend me. 5. I didn't take to him much. 6. He had poor manners. 7. He left a note saying he'd run away. 8. Mrs. Baker came to my treehouse. 9. I suggested we search for him. 10. We searched near the old mill. 11. We found no trace of him there. 12. We returned to the treehouse. 13. He was sitting on a branch with a comic book. 14. Officer Dawson advised me to lay low.","[1, 4, 5, 6, 8, 9, 12, 13, 16, 20, 22, 25, 28]",summary_gpt4o_14_2,13
summary_gpt4o_15_3,15,3,"1. I grew up in a neighborhood with Mrs. Baker, the cat lady. 2. Mrs. Baker had at least twenty cats. 3. She had a young grandson trying to befriend me. 4. I didn't take to him much due to his poor manners. 5. He left a note saying he was going to run away. 6. Mrs. Baker came to my treehouse with a big tabby cat. 7. I convinced her to search for him before calling the police. 8. We went to the old mill where his baseball cap was found. 9. We didn't find a trace of him after trailing a bit more. 10. He was in the treehouse club reading a comic book. 11. He hadn't actually run away. 12. That resolved the situation for the day. 13. Officer Dawson told me to lay low and stay out of sight. 14. I followed Dawson's advice to avoid Mrs. Baker. 15. This was the second time it happened.","[1, 2, 4, 8, 12, 13, 17, 20, 22, 25, 26, 27, 28, 31, 32]",summary_gpt4o_15_3,15
summary_gpt4o_15_2,15,2,1. I grew up in a neighborhood with a resident cat lady. 2. Mrs. Baker had adopted at least twenty cats. 3. She had a young grandson. 4. I was quite the tomboy back then. 5. The grandson tried to befriend me. 6. I didn't take to him much. 7. He was a charming lad but with poor manners. 8. He left a note saying he would run away. 9. Mrs. Baker came to my treehouse. 10. She had a big old tabby cat with her. 11. I talked her down from worry. 12. We went to find him near the old mill. 13. We found his baseball cap but no trace of him. 14. He was actually in the treehouse with a comic book. 15. The local sheriff advised me to lay low and stay out of sight.,"[1, 2, 4, 5, 6, 7, 12, 13, 14, 15, 25, 28]",summary_gpt4o_15_2,12
summary_gpt4o_15_1,15,1,"1. I grew up in a neighborhood with Mrs. Baker, the cat lady. 2. Mrs. Baker had a young grandson trying to befriend me. 3. I didn't take to him much due to his poor manners. 4. He left a note saying he would run away from home. 5. Mrs. Baker came to my treehouse with a tabby cat. 6. I talked her down when she was worried about his note. 7. We went to search for him as I planned. 8. We found his baseball cap near the old mill. 9. We couldn't find him after trailing around. 10. We returned to the treehouse club eventually. 11. He was sitting on a branch with a comic book. 12. He hadn't actually run away from home. 13. The matter resolved itself for that day. 14. Officer Dawson warned me to stay out of sight. 15. I laid low and stayed out of sight as advised.","[1, 4, 6, 8, 9, 10, 12, 13, 14, 15, 16, 19, 20, 22, 25, 26, 27, 28, 30, 31]",summary_gpt4o_15_1,20
summary_gpt4o_16_1,16,1,1. I grew up in a neighborhood with Mrs. Baker. 2. She had at least twenty cats. 3. Mrs. Baker had a young grandson. 4. I was a tomboy back then. 5. The grandson tried to befriend me. 6. I didn't like him much. 7. He had poor manners. 8. The grandson left a note to run away. 9. Mrs. Baker came to my treehouse for help. 10. I suggested we search before calling the police. 11. We searched near the old mill for him. 12. We found his baseball cap but not him. 13. We returned to the treehouse. 14. He was in the treehouse with a comic book. 15. Officer Dawson warned me about Mrs. Baker. 16. I decided to lay low and stay out of sight.,"[1, 2, 3, 4, 5, 6, 7, 8, 9, 10, 11, 12, 13, 14, 15, 16]",summary_gpt4o_16_1,16
summary_gpt4o_16_2,16,2,"1. I grew up in a neighborhood with Mrs. Baker, the cat lady. 2. Mrs. Baker adopted at least twenty cats. 3. Mrs. Baker had a young grandson. 4. I was a tomboy and her grandson tried to befriend me. 5. I didn't like him much due to his poor manners. 6. One day, he left a note saying he would run away. 7. Mrs. Baker came to my treehouse with a tabby cat. 8. I suggested we look for him before calling the police. 9. We found his baseball cap near the old mill. 10. We didn't find any trace of him there. 11. We returned to the treehouse and found him reading a comic. 12. He hadn't run away, resolving that day's issue. 13. Officer Dawson warned me about Mrs. Baker's nagging nature. 14. I decided to lay low and stay out of her sight. 15. I indeed laid low as advised by Officer Dawson. 16. This was the second time dealing with such a situation.","[1, 2, 3, 4, 5, 6, 7, 8, 9, 10, 11, 12, 13, 14, 15, 16]",summary_gpt4o_16_2,16
summary_gpt4o_16_3,16,3,1. I grew up in a neighborhood with Mrs. Baker. 2. Mrs. Baker was the neighborhood cat lady. 3. She had adopted at least twenty cats. 4. Mrs. Baker had a young grandson. 5. I was quite the tomboy back then. 6. Her grandson tried to befriend me. 7. I didn't take to him much. 8. He had poor manners that I noticed. 9. He left a note saying he would run away. 10. Mrs. Baker came to my treehouse. 11. I convinced her we should look for him. 12. We found his baseball cap by the old mill. 13. We didnâ€™t find a trace of him nearby. 14. We returned to the treehouse and found him. 15. He was sitting on a branch with a comic book. 16. The local sheriff told me to lay low.,"[1, 2, 3, 4, 5, 6, 8, 10, 11, 12, 13, 14, 15, 16]",summary_gpt4o_16_3,14
summary_gpt4o_17_2,17,2,1. I grew up in a neighborhood with Mrs. Baker. 2. Mrs. Baker was the resident cat lady. 3. She had at least twenty cats. 4. Mrs. Baker had a young grandson. 5. I was quite the tomboy back then. 6. He was trying to befriend me. 7. I didn't take to him much. 8. He had poor manners. 9. One day he left a note. 10. He was going to run away. 11. Mrs. Baker came to my treehouse. 12. I talked her down. 13. We went to find him. 14. We reached where his baseball cap was. 15. We found him in the treehouse. 16. The local sheriff warned me. 17. I laid low and stayed out of sight.,"[1, 2, 3, 4, 5, 6, 8, 10, 11, 12, 13, 14, 15, 16, 17]",summary_gpt4o_17_2,15
summary_gpt4o_17_3,17,3,1. I grew up in a neighborhood with Mrs. Baker. 2. Mrs. Baker was the resident cat lady. 3. She had at least twenty cats. 4. Mrs. Baker had a young grandson. 5. I was quite the tomboy. 6. He was trying to befriend me. 7. I didn't like him much. 8. He had poor manners. 9. He left a note saying he'd run away. 10. She came to my treehouse. 11. I talked her down from calling the police. 12. We went to look for him. 13. We found his baseball cap near the old mill. 14. He hadn't run away and was at the treehouse club. 15. That resolved it for the day. 16. Officer Dawson advised me to lay low. 17. I laid low and stayed out of sight.,"[1, 2, 3, 4, 5, 6, 8, 12, 13, 15, 20, 25, 27, 28, 30, 31]",summary_gpt4o_17_3,16
summary_gpt4o_17_1,17,1,1. I grew up in a neighborhood. 2. Mrs. Baker was the resident cat lady. 3. She had adopted at least twenty cats. 4. Mrs. Baker had a young grandson. 5. I was quite the tomboy back then. 6. Her grandson was trying to befriend me. 7. I didn't take to him much. 8. He had poor manners. 9. He left a note saying he'd run away. 10. Mrs. Baker came to my treehouse. 11. She brought a big old tabby cat. 12. I talked her down from calling the police. 13. We went to find her grandson. 14. We found his baseball cap near the old mill. 15. He was in the treehouse club with a comic book. 16. Officer Dawson warned me to lay low. 17. I laid low and stayed out of sight.,"[1, 2, 3, 4, 5, 6, 8, 10, 11, 12, 13, 14, 15, 16, 17, 30]",summary_gpt4o_17_1,16
summary_gpt4o_18_1,18,1,1. I grew up in a neighborhood with Mrs. Baker. 2. Mrs. Baker was the cat lady. 3. Mrs. Baker adopted at least twenty cats. 4. She had a young grandson. 5. I was a tomboy back then. 6. Her grandson tried to befriend me. 7. I didn't take to him much. 8. He was charming but had poor manners. 9. He left a note about running away. 10. He said his grandmother was nagging. 11. Mrs. Baker came to my treehouse. 12. I talked her down from worrying. 13. We planned to search for him together. 14. We found his baseball cap at the old mill. 15. We didn't find him immediately. 16. He was in the treehouse with a comic. 17. Officer Dawson warned me to lay low. 18. I laid low and stayed out of sight.,"[1, 2, 3, 4, 5, 6, 8, 10, 11, 12, 16, 20, 22, 25, 28, 30, 31]",summary_gpt4o_18_1,17
summary_gpt4o_18_3,18,3,1. I grew up in a neighborhood with Mrs. Baker. 2. Mrs. Baker was the resident cat lady. 3. She adopted at least twenty cats. 4. Mrs. Baker had a young grandson. 5. I was a tomboy back then. 6. Her grandson tried to befriend me. 7. I didn't like him much. 8. He was charming but had poor manners. 9. He left a note about running away. 10. Mrs. Baker came to my treehouse with a cat. 11. I talked Mrs. Baker down. 12. I advised Mrs. Baker to search for him. 13. We found his baseball cap near the old mill. 14. We didn't find any more traces of him. 15. He was in the treehouse with a comic book. 16. The situation resolved for that day. 17. Officer Dawson warned me to stay out of sight. 18. I stayed out of sight after that warning.,"[1, 2, 3, 4, 5, 6, 8, 12, 13, 14, 15, 16, 28, 31]",summary_gpt4o_18_3,14
summary_gpt4o_18_2,18,2,"1. I grew up in a neighborhood with Mrs. Baker, the cat lady. 2. Mrs. Baker had adopted at least twenty cats. 3. Mrs. Baker had a young grandson. 4. I was quite the tomboy back then. 5. Her grandson tried to befriend me. 6. I didn't take to him because he had poor manners. 7. Her grandson had very poor manners. 8. He left a note saying he would run away. 9. He said she was always nagging about me. 10. Mrs. Baker came to my treehouse with a tabby cat. 11. I talked her down and proposed a plan. 12. I suggested we find him before calling the police. 13. We went to where his baseball cap was found. 14. We trailed a bit more but didn't find any trace. 15. He was at the treehouse club with a comic book. 16. He hadn't run away after all. 17. Officer Dawson advised me to lay low. 18. I followed his advice and stayed out of sight.","[1, 2, 4, 5, 6, 8, 9, 10, 11, 12, 13, 14, 15, 16, 25, 26, 28, 30]",summary_gpt4o_18_2,18
summary_gpt4o_19_3,19,3,1. I grew up in the neighborhood with Mrs. Baker. 2. Mrs. Baker was the resident cat lady. 3. She had adopted at least twenty cats. 4. Mrs. Baker had a young grandson. 5. I was a tomboy back then. 6. Her grandson was trying to befriend me. 7. I didn't catch on to his attempts. 8. I didn't like him because of his poor manners. 9. He was charming but had poor manners. 10. He left a note saying he'd run away. 11. Mrs. Baker came to my treehouse for help. 12. She brought an old tabby cat with her. 13. I convinced her to search for him. 14. We found his baseball cap by the old mill. 15. We didn't find any trace of him. 16. We returned to the treehouse club. 17. He was sitting on a branch with a comic book. 18. Officer Dawson advised me to lay low. 19. I laid low and stayed out of sight.,"[1, 2, 3, 4, 5, 6, 7, 8, 9, 10, 11, 12, 13, 14, 15, 16, 25, 28, 30, 31]",summary_gpt4o_19_3,20
summary_gpt4o_19_2,19,2,"1. I grew up in a neighborhood with Mrs. Baker. 2. Mrs. Baker was known as the resident cat lady. 3. She had adopted at least twenty cats. 4. Mrs. Baker had a young grandson. 5. I was quite the tomboy back then. 6. The grandson was trying to befriend me. 7. I didn't take to him much. 8. He seemed charming until you saw his manners. 9. He had poor manners, which was off-putting. 10. He left a note saying he was going to run away. 11. Mrs. Baker came to my treehouse looking for help. 12. I talked her down from panicking. 13. I suggested we look for him before involving police. 14. We searched where his baseball cap was found. 15. We trailed more but found no trace of him. 16. We returned to the treehouse club. 17. He was sitting on a branch with a comic book. 18. Officer Dawson advised me to lay low. 19. I laid low and stayed out of sight after that incident.","[1, 2, 3, 4, 5, 6, 8, 9, 10, 11, 12, 13, 14, 15, 16, 25, 28, 30, 31]",summary_gpt4o_19_2,19
summary_gpt4o_19_1,19,1,1. I grew up in a neighborhood with Mrs. Baker. 2. Mrs. Baker was known as the resident cat lady. 3. Mrs. Baker had adopted at least twenty cats. 4. She had a young grandson. 5. I was quite the tomboy back then. 6. Her grandson was trying to befriend me. 7. I didn't take to him much. 8. He was charming but had poor manners. 9. He left a note saying he was going to run away. 10. The note said she was nagging about me. 11. Mrs. Baker came to my treehouse with a cat. 12. I talked her down from worrying. 13. I suggested we go find him and call the police if needed. 14. She took my advice to search for him. 15. We found his baseball cap near the old mill. 16. We searched more but didn't find him. 17. We returned and found him in the treehouse. 18. Officer Dawson advised me to lay low. 19. I followed Officer Dawson's advice to stay out of sight.,"[1, 2, 3, 4, 5, 6, 8, 10, 11, 12, 13, 15, 16, 17, 20, 22, 25, 28, 30]",summary_gpt4o_19_1,19
summary_gpt4o_20_1,20,1,"1. I grew up in a neighborhood with Mrs. Baker, the cat lady. 2. Mrs. Baker adopted at least twenty cats. 3. Mrs. Baker had a young grandson. 4. I was a tomboy. 5. Her grandson was trying to befriend me. 6. I didn't take to him much. 7. He had poor manners. 8. He left a note saying he would run away. 9. I talked to Mrs. Baker in my treehouse. 10. I suggested we search for him before calling the police. 11. We went to find his baseball cap near the old mill. 12. We didn't find him at the mill. 13. We returned to the treehouse club. 14. He was sitting on a branch with a comic book. 15. He hadn't actually run away. 16. That resolved the situation for the day. 17. Officer Dawson warned me about Mrs. Baker's memory. 18. He advised me to lay low and stay out of sight. 19. I followed the officer's advice. 20. That was the second time I had to lay low.","[1, 2, 4, 5, 6, 8, 9, 12, 13, 16, 20, 22, 25, 26, 27, 28, 30, 32]",summary_gpt4o_20_1,18
summary_gpt4o_20_2,20,2,1. I grew up in a neighborhood with Mrs. Baker. 2. Mrs. Baker was known as the resident cat lady. 3. She had adopted at least twenty cats. 4. Mrs. Baker had a young grandson. 5. I was quite the tomboy back then. 6. Her grandson tried to befriend me. 7. I didn't notice his attempts to befriend me. 8. I didn't like him much because of his manners. 9. He had very poor manners. 10. He left a note saying he would run away. 11. He claimed Mrs. Baker nagged him about me. 12. Mrs. Baker came to my treehouse with a tabby cat. 13. I convinced her we should search for him. 14. I advised her about calling the police. 15. We found his baseball cap near the old mill. 16. We didn't find him initially. 17. He was actually at my treehouse reading a comic. 18. The issue seemed resolved that day. 19. Sheriff Dawson warned me about Mrs. Baker. 20. I decided to lay low and stay out of sight.,"[1, 2, 3, 4, 5, 6, 7, 8, 9, 10, 11, 12, 13, 14, 15, 16, 17, 18, 19, 20]",summary_gpt4o_20_2,20
summary_gpt4o_20_3,20,3,1. I grew up in a neighborhood with Mrs. Baker. 2. Mrs. Baker was the resident cat lady. 3. She had at least twenty cats. 4. Mrs. Baker had a young grandson. 5. I was quite the tomboy back then. 6. Her grandson was trying to befriend me. 7. I didn't take to him much at first. 8. He was charming but had poor manners. 9. He left a note about running away. 10. Mrs. Baker came to my treehouse. 11. She brought a big old tabby cat. 12. I talked her down about the note. 13. We planned to find her grandson together. 14. We went to the old mill area. 15. We found his baseball cap there. 16. We didn't find any trace of him initially. 17. He was in the treehouse with a comic book. 18. The issue was resolved that day. 19. Officer Dawson advised me to lay low. 20. I stayed out of sight as advised.,"[1, 2, 3, 4, 5, 6, 8, 10, 11, 12, 13, 14, 15, 16, 17, 18, 19, 20]",summary_gpt4o_20_3,18
summary_gpt4o_21_2,21,2,1. I grew up in a neighborhood. 2. Mrs. Baker was the resident cat lady. 3. Mrs. Baker adopted at least twenty cats. 4. Mrs. Baker had a young grandson. 5. I was quite the tomboy. 6. Her grandson tried to befriend me. 7. I didn't take to him much. 8. He had poor manners. 9. He left a note about running away. 10. Mrs. Baker came to my treehouse. 11. She brought a big old tabby cat. 12. I talked her down. 13. I suggested we look for him. 14. We went to where his baseball cap was found. 15. We didn't find a trace and returned. 16. He was in the treehouse with a comic book. 17. He hadn't run away. 18. The issue was resolved for the day. 19. Officer Dawson warned me. 20. I laid low and stayed out of sight. 21. That was the second time.,"[1, 2, 3, 4, 5, 6, 8, 12, 13, 14, 15, 16, 20, 22, 25, 26, 27, 28, 30, 32]",summary_gpt4o_21_2,20
summary_gpt4o_21_3,21,3,1. I lived in Mrs. Baker's neighborhood. 2. Mrs. Baker was the resident cat lady. 3. She had adopted at least twenty cats. 4. She had a young grandson. 5. I was quite the tomboy back then. 6. Her grandson tried to befriend me. 7. I never caught on to his friendship. 8. I didn't take to him much. 9. He was charming until you saw his manners. 10. He had poor manners. 11. He left a note about running away. 12. She came to my treehouse with a tabby cat. 13. I reassured her we would find him. 14. We searched near the old mill. 15. We found his baseball cap. 16. We couldn't find him at first. 17. He was actually in the treehouse club. 18. He was sitting with a comic book. 19. The issue was resolved for that day. 20. Officer Dawson advised me to lay low. 21. I stayed out of sight after that incident.,"[1, 2, 3, 4, 5, 6, 7, 8, 9, 10, 12, 13, 14, 15, 16, 17, 25, 27, 28, 31]",summary_gpt4o_21_3,20
summary_gpt4o_21_1,21,1,1. I grew up in a neighborhood with Mrs. Baker as the cat lady. 2. Mrs. Baker adopted at least twenty cats. 3. Mrs. Baker had a young grandson. 4. I was a tomboy and didn't take to her grandson much. 5. Her grandson tried to befriend me. 6. Her grandson had poor manners. 7. He left a note saying he would run away. 8. Mrs. Baker came to my treehouse with a cat. 9. I talked Mrs. Baker down from worrying. 10. I suggested we go find her grandson. 11. We went to the old mill and found his baseball cap. 12. We didn't find her grandson initially. 13. We returned to the treehouse club. 14. Her grandson was sitting on a branch with a comic book. 15. He hadn't really run away. 16. The situation was resolved for that day. 17. Officer Dawson gave me advice that evening. 18. Officer Dawson told me to lay low and stay out of sight. 19. I decided to lay low and stay out of sight. 20. I attempted to avoid Mrs. Baker. 21. That was the second time I had to stay out of sight.,"[1, 2, 4, 5, 6, 10, 11, 12, 13, 14, 15, 16, 28, 30, 32]",summary_gpt4o_21_1,15
