recall_id,keypoints,attempt,summary_text,segment_ids,correlation,max_clause_id
summary_gpt4o_10_2.json,10,2,1. I lived in a small apartment near the city center. 2. I started my first job as a graphic designer. 3. My father was recovering from surgery and used a wheelchair. 4. A kind neighbor was the only person with my father during the day. 5. I had a strong feeling to pray for my father's recovery at a park. 6. I went to the park during my lunch break to pray. 7. I whispered a prayer under a big oak tree for my father. 8. I received a text from my father saying he took steps with his walker. 9. I rushed home and saw my father standing with his walker. 10. My father now walks without assistance and enjoys life in his seventies.,"[2, 3, 4, 5, 6, 7, 9, 10, 11, 14, 24, 35, 37, 41, 42, 45, 46, 53]",0.7689519224681067,11
summary_gpt4o_10_3.json,10,3,1. I lived in a small apartment near the city. 2. I started my first job as a graphic designer. 3. My father was recovering and used a wheelchair. 4. A neighbor lady helped my father during the day. 5. I had a strong feeling to pray for my father at the park. 6. I went to the park during my break to pray. 7. I sat under a tree and said a prayer for my father. 8. My father texted that he took steps with his walker. 9. I saw my father standing with his walker after work. 10. My father fully recovered and lives independently now.,"[2, 3, 4, 5, 6, 7, 9, 10, 11, 14, 21, 24, 35, 41, 42, 45, 46, 50, 51, 53]",0.7647821718703924,11
summary_gpt4o_10_1.json,10,1,"1. I lived in a small apartment near the city center when I was twenty-one. 2. I started my first job as a graphic designer. 3. My father was recovering from surgery and used a wheelchair. 4. My father's only daytime companion was a kind neighbor. 5. I had a strong feeling to pray for my father's recovery during lunch. 6. I went to a nearby park to pray quietly under an oak tree. 7. I prayed for my father's recovery and his independence. 8. After praying, I received a text from my father saying he walked. 9. I saw my father standing with a walker for the first time in months. 10. My father improved and now walks without assistance.","[1, 2, 3, 4, 5, 6, 7, 9, 10, 11, 14, 15, 20, 21, 24, 37, 38, 41, 42, 46, 47, 50, 51, 53]",0.7374009846624562,15
summary_gpt4o_8_1.json,8,1,1. I lived in a small apartment at twenty-one. 2. I worked as a graphic designer. 3. My father was recovering from surgery. 4. A neighbor helped him during the day. 5. I felt I should pray for my father at a park. 6. I prayed under an oak tree during lunch break. 7. My father texted that he used his walker. 8. He regained mobility and now walks independently.,"[1, 2, 3, 4, 5, 7, 9, 10, 11, 14, 24, 41, 42, 50, 51, 53]",0.7195561194790001,13
summary_gpt4o_8_2.json,8,2,"1. I was living in a small apartment near the city center. 2. I had just started my first job as a graphic designer. 3. My father was recovering from surgery and used a wheelchair. 4. A neighbor lady, in her sixties, stayed with my father during the day. 5. I felt compelled to pray for my father's recovery while on a lunch break. 6. I went to a nearby park and prayed under a big oak tree. 7. I soon received a message from my father saying he took some steps. 8. My father fully recovered and now lives independently.","[2, 3, 4, 5, 6, 7, 9, 10, 11, 14, 15, 21, 24, 41, 42, 53]",0.7047230572942875,13
summary_gpt4o_8_3.json,8,3,"1. I lived in a small apartment at twenty-one. 2. I had just started working as a graphic designer. 3. My father was recovering from surgery and used a wheelchair. 4. Only a kind neighbor cared for him during the day. 5. I felt a strong urge to pray for my father's recovery at the park. 6. I went to the park, sat on a bench, and prayed. 7. I received a text that my father took steps with his walker. 8. My father's health improved and he regained mobility.","[1, 2, 3, 4, 5, 6, 7, 9, 10, 11, 14, 15, 21, 34, 35, 41, 42, 46, 47, 48, 49, 50, 51, 53]",0.6722767991160458,9
summary_gpt4o_9_3.json,9,3,1. I was twenty-one and lived in a small apartment. 2. I had just started my first job as a graphic designer. 3. My father was recovering from surgery and used a wheelchair. 4. A kind neighbor assisted my father during the day. 5. I felt the urge to pray for my father's recovery during work. 6. I went to a nearby park during lunch to pray for him. 7. I received a text from my father saying he took a few steps. 8. I went home and saw my father standing with a walker. 9. My father eventually regained his mobility and now walks freely.,"[1, 2, 3, 4, 5, 6, 7, 9, 10, 11, 14, 15, 20, 21, 41, 42, 45, 46, 49, 50, 51, 53]",0.6721017858997509,14
summary_gpt4o_9_2.json,9,2,1. I was living in a small apartment near the city center. 2. I had just started my first job as a graphic designer. 3. My father was recovering from surgery and used a wheelchair. 4. A kind neighbor helped my father during the day. 5. I felt a strong urge to pray for my father's recovery at the park. 6. I prayed during my lunch break under a big oak tree. 7. I asked God to help my father recover his independence. 8. I received a text from my father saying he took steps with a walker. 9. My father regained most of his mobility and now walks unassisted.,"[2, 3, 4, 5, 6, 7, 9, 10, 11, 14, 15, 21, 24, 28, 29, 30, 32, 36, 37, 38, 41, 42, 50, 51, 53]",0.6360515920777526,15
summary_gpt4o_9_1.json,9,1,1. I lived in a small apartment near the city center. 2. I started my first job as a graphic designer. 3. My father was recovering from surgery and used a wheelchair. 4. I felt a strong urge to pray for my father's recovery. 5. I went to the park during lunch and prayed for my father. 6. I received a text from my father saying he took steps with a walker. 7. I found my father standing with the walker when I rushed home. 8. My father's recovery improved significantly after that day. 9. My father now walks without any assistance and enjoys life.,"[2, 3, 4, 5, 6, 10, 14, 15, 21, 34, 35, 41, 42, 45, 46, 49, 50, 51, 53, 54]",0.5310185646194423,10
